ID,Title,Bias
73564,Will Mike Pence Be Trumps Bridge to Democrats?,Right
73614,The GOPs Favorite Democrat Goes to Syria,Left
73814,House Republicans and Democrats Represent Divergent Americas,Neutral
73866,Are Trumps Generals Mounting a Defense of Democratic Institutions?,Left
73881,How Progressives Are Forcing Senate Democrats Into Action,Left
73988,The Atlantic Politics & Policy Daily: Senate Democrats Stay Up Late on a School Night,Left
74215,Democrats Want Answers on Trump Officials Ties to Russia,Left
74416,Can the Democratic Party Win Back Voters It Lost to Trump?,Left
74450,The Democrats Have Their Chairman,Neutral
74510,Why the Battle for Leadership of the Democratic Party Mattered,Left
74541,Trumps Budget Proposal Threatens Democratic and Republican Ambitions,Left
74625,Can Millennials Save the Democratic Party?,Left
74996,Why Are Democrats Holding Back on Gorsuch?,Left
75265,Democrats Go to War Over Neil Gorsuch,Right
75448,Trumps Support From Democrats on Syria,Right
75646,The Districts Where Democrats Might Find the Next Georgia 6,Right
75697,Rifts Over Abortion and Economic Populism Threaten to Divide Democrats,Right
75805,How Democrats Learned to Love Trumps Negotiating Style,Right
75818,Is There Any Room in the Big Tent for Pro-Life Democrats?,Left
75859,Will Democrats Shut Down the Government Over Obamacare?,Left
75896,Why Do So Many Americans Think Democrats Are Out of Touch?,Right
75911,The Governors Race on Track to Give Democrats a Decisive Victory,Left
75938,What If Bernie Sanders Is the Democrats Best Bet?,Left
76032,"The Atlantic Daily: After the Snowstorm, Democratic Presidential Race, Super Bowl Teams",Neutral
76308,Can Democrats Get Republicans to Move on Scalias Replacement?,Left
76794,Live Coverage of the Democratic Debate,Neutral
76804,A Democratic Showdown in Brooklyn,Left
76825,The Democrats Most Substantive Climate Debate Yet,Left
77252,What Democratic Landslide?,Right
77367,Is the Democratic Primary Really Rigged?,Left
77452,The Democratic Wingman of the Democratic Party,Left
77515,A Win for Early Voting—and Democrats—in Ohio,Left
77544,An Awkward Reality in the Democratic Primary,Right
77769,Hillary Clinton Has Enough Delegates to Claim the Democratic Nomination,Left
77810,Is the Democratic Race Really Over?,Right
78552,House Democrats Try to Force Another Vote on Zika,Left
78566,Pennsylvania Democrat Chaka Fattah Found Guilty,Neutral
78570,Democrats Fight Back on Gun Control,Left
78578,When House Democrats Turned Out the Lights on Republicans,Left
78597,"The Edge: Supremes Split, Democrats Sit",Left
78730,Civics Lessons From the House Democrats Sit-In,Left
78887,House Democrats Take a Milder Approach on Gun Control,Left
79097,An Early Democratic Convention Lineup,Neutral
79111,Turkeys Putsch and the Democratic Dilemma,Neutral
79272,The Democrat That Republicans Really Fear Most,Left
79290,A Family Affair at the Democratic National Convention,Left
79306,All Hell Breaks Loose at the Democratic Convention,Right
79307,"The Atlantic Daily: Japan Knife Attack, Democratic Convention, Harassment in Science",Neutral
79340,Donald Trumps Threats Against Minorities Are Unifying Democrats,Left
79407,A Second Cyber Attack Hits the Democratic Party,Left
79473,The Democrats Clean House,Left
79775,No One Is Doing More For Democratic Turnout Than Donald Trump,Left
79826,How Democrats Become the Conservative Party,Right
80785,Democrats Are Pushing to Use Tax Dollars to Pay for Abortions,Right
80823,Friday Night Lights Democratized TV Drama,Left
81112,Will Democrats Try to Tie the GOP to Trump? Would It Work?,Right
81235,How Democrats Killed Their Populist Soul,Right
81500,How James Comey Hurt the FBI—and the Democratic Process,Left
81535,Does the Democratic Party Have a Future?,Left
81781,The Feedback Loop of Doom for Democratic Norms,Neutral
81794,An Erosion of Democratic Norms in America,Right
81859, Democrats Dont Have an Easy Answer for the Rust Belt,Right
81971,Nancy Pelosi Wins Another Term as Democratic Leader,Left
81985,Will Democrats Miss Their Last Chance to Win a Senate Seat?,Right
82030,Keith Ellison and the Battle for the Democratic Party,Left
82126,Are Democrats Wasting Their Time Taking On the Electoral College?,Right
82184,Democrats Plan Fight to Save Obamacare,Left
82185, More Americans Look to Congressional Democrats Than to Trump for Solutions,Left
82279,Democrats: Trump Must Divest From His Hotel or Breach His Lease,Left
82578,Democrats Have a Religion Problem,Right
82594,Democrat Martin OMalley fails to qualify for Ohios primary ballot,Right
82707,Obama will not endorse candidate in Democratic primary race,Right
82788,AP Fact Check: Democratic debaters and the facts,Neutral
82954,How the Iowa Democratic and Republican caucuses work,Neutral
83077,"Iowa Democrats stonewalling on vote totals, but past numbers were available",Right
83115,Hillary vs Bernie: Democratic debate highlights big divide between two rivals,Right
83116,Does Bernie Sanders really want to win? Three Democratic debate takeaways,Neutral
83368, November preview? Turnout surging in Republican primaries – and sinking for Democrats,Right
83369,"Labor unions gave $420 million to Democrats, left-wing groups from 2012-14, report shows",Neutral
83395,Clinton agrees to Fox News town hall on Monday with fellow Democratic presidential candidate Sanders,Left
83420,Transcript of the Fox News Democratic presidential town hall,Neutral
83492,Clinton wins Northern Mariana Islands Democratic caucus,Left
83541,Democratic lawmakers launch blast at inspectors general in Clinton email probe,Right
83561,Sanders concedes Missouri Democratic primary; Clinton wins,Left
83714,"Sanders projected to win Washington, Alaska Democratic presidential caucuses",Left
83832,"Clinton, Sanders agree to Democratic debate in Brooklyn before New York primary",Left
83855,Ethics report: Florida Democrat Grayson likely violated House rules,Right
83887,"Sanders wins Wyoming Democratic caucuses, Cruz taking Colorado delegates",Neutral
83946,"Clinton campaign, Democratic Party sue Arizona over primary voting problems",Right
84170,Sanders scores upset victory in Indiana Democratic primary,Neutral
84321,Nevada Democratic Convention becomes unruly and unpredictable amid rules disputes over delegates,Right
84351,Oregon Democratic primary structure may work against Sanders,Neutral
84372,"Nevada unrest sparks Democratic concerns about convention, party chaos",Right
84435,Democrats reportedly discuss dropping DNC chair Wasserman Schultz,Neutral
84436,Sanders warns Democratic National Convention could be messy,Left
84459,"Race narrows in California Democratic primary race, poll finds",Left
84596,"Clinton has delegates to win Democratic nomination, AP reports",Left
84601,Sanders campaign reportedly divided over whether to take fight to Democratic convention,Right
84608,"Clinton clinches Democratic nomination, wins NJ primary, Fox News projects",Left
84732,Democrats heckle Ryan on House floor day after Orlando nightclub massacre,Right
84807,State Democratic parties aim to dismantle superdelegate system,Left
84827,Sanders says it doesnt appear he will be Democratic nominee,Neutral
84865,Democrats approve platform draft with Sanders imprint,Left
84911,Democratic draft platform seeks DOJ probe of fossil fuel companies,Left
84924,"FEC Democrats tried to punish Fox News over debate changes, files show",Right
85178,Who in their right mind would plagiarize a Democrats speech?,Left
85197,Sanders to meet with delegates before start of Democratic convention,Neutral
85250,Protesters march on Democratic National Convention,Right
85255,Bernie Sanders got done in by dirty Debbie and the Democrats,Right
85285,Donald Trump hosts Reddit Ask Me Anything during Democratic Convention,Neutral
85294,Angst in Bernie ranks over push to exit Democratic Party,Right
85297,Convention host state no sure bet for Democrats,Right
85311,"Clinton accepts Democratic nomination, says 2016 choice is clear",Left
85445,What are the chances the Democrats will steal the election?,Left
85582,"Trump says Clinton, Democrats have failed and betrayed African-Americans after Milwaukee riots",Right
85629,"Facing Trump, Democrats could have their own 1994 landslide, but numbers appear against them",Right
85648,"Latest fed reports show Democratic donors step up efforts on Senate, Clinton bids",Left
86031,Clinton campaign pushes Democratic party stars to shore up youth vote,Left
86558,Clinton campaigns for downballot Democrats in campaigns final days,Left
86559,Democratic candidate for governor in West Virginia owes millions in taxes,Right
86642,"Lynch, Justice opposed Comeys Clinton email letter; Democrats in Senate demand answers",Neutral
86681,"Schoen: Im a Democrat, and I worked for Bill Clinton, but I cant vote for Hillary",Left
86725,"Philly transit strike could cause Clinton, Democrats headaches",Right
86765,Trump presses into Democrat territory in final stretch,Left
86827,Doug Schoen: What Trumps incredible victory means for Democrats (it may surprise you),Right
86841,Democrats regroup as they grapple with Trumps victory,Right
86853,Michael Moore to Democrats: I told you Trump was going to win,Right
86904,Bernie Sanders humiliated Democrats cant talk to white working class voters,Right
87003,"Trump meets with school reformer, Democrat Michelle Rhee with education secretary post still open",Neutral
87082,100 percent of Consumer Financial Protection Bureaus donations went to Democrats,Right
87120,Im a Democrat. Heres how Hillary and the recount campaign leaves me feeling,Left
87183,Im a Democrat and Im ashamed at how tone deaf weve become,Left
87223,"Im a Democrat but Ive gotta admit its now Trump 2, Dems 0",Neutral
87276,Im a Democrat but Clinton staffer Jennifer Palmieris twisted logic is exactly why we lost,Right
87495,Democrats hound Trump over closure of foundation,Right
88072,GOP Senator Says He Is Talking To Democrats About Replacing OCare,Right
88114,No Thanks! These Democrats Plan To Skip Donald Trumps Inauguration,Right
88287,Senate Democrats Are Playing Hardball On Trumps Nominees,Left
88451,Avishai: Its Not Too Early For The Next Democratic Ticket,Left
88479,Democrats To GSA: Trump Is Now In Violation Of His DC Hotel Lease,Left
88601,Trump: GOP Is Taking Democrats Out Of A Big Jam With OCare Repeal,Right
89608,DNC Chair Race Remains Tight As Energized Democrats Combat Trump,Left
89692,Can The Democrats Get Organized? An Interview With Marshall Ganz,Left
89728,Democrats Elect Tom Perez As National Party Chairman,Neutral
89740,Can the Democrats mount an enduring Challenge to Trump and the GOP?,Left
89918,Karl Rove: Democratic Responses To Trumps Speech Affected His Delivery,Left
90079,Democrats Strive To Channel Anti-Trump Fervor Into A Win In Ruby-Red Georgia,Right
90784,Democrats Need to Reclaim the Issue of Manufacturing from Donald Trump,Right
90800,Trump: TrumpCare Failed Because Of Democrats!,Left
90941,"Spicer Implies Trump Open To Working With Democrats On Taxes, Infrastructure",Right
91042,Two Senate Democrats Announce They Will Vote Yes On Gorsuch For SCOTUS,Left
91234,"Senate Democrats Now Have The Votes To Filibuster Gorsuch, And Provoke GOP ‘Nuclear Option",Left
91430,"In Georgia Race, Republicans Battle As Democrat Chases Upset",Right
91937,Can The Democrats Get Organized? An Interview With Marshall Ganz,Right
91938,Avishai: Its Not Too Early For The Next Democratic Ticket,Left
92066,Sessions: Democrats Will Pass Anything As Long As It Doesnt Work,Right
92286,Florida GOP Rep. In Democratic District Announces She Wont Run For Re-Election,Neutral
92693,Democrats Grind Senates Work To A Halt Over Comey Firing,Left
93528,Democrats Worry GOP Is Trying To Bury Torture Report,Left
93765,Grassley Blasts DOJ Opinion That Trump Can Ignore Democrats Info Requests,Left
94052,"Handel Defeats Ossoff In Georgia House Race, Dealing Blow To Democrats",Right
94146,Trump Relitigates Democratic Primary (Again) More Than A Year After It Ended,Left
94353,Democrats Are Smiling,Left
94954,Some First Thoughts on the Democratic Debate,Left
94969,AP: Fact-Checking The South Carolina Democratic Debate,Neutral
95187,22 Senate Democrats Ask Obama To End Wave Of Deportation Raids,Left
95347,Democratic Senator Blocks Obamas Pick To Head FDA,Right
95526,CNN To Hold Town Hall For Democratic Presidential Candidates,Left
95571,Cruz Calls On Democrats To Support His Campaign In Iowa Victory Speech,Right
95601,Why This New Hampshire Democrat Is Throwing His Hat In The Ring For Sanders,Left
95603,Iowa Democratic Party Will Not Conduct Caucus Recount,Neutral
95712,AP: Fact-Checking MSNBCs New Hampshire Democratic Debate,Neutral
95967,Jay Carney Says Obama Wants Clinton To Win The Democratic Nomination,Left
96290,AFL-CIO Delays Making Endorsement In Democratic Presidential Primary,Left
97418,Clinton Wins Northern Mariana Islands Democratic Caucus,Left
97523,"In Ohio, Hillary Clinton Projected To Win In the Democratic Primary",Left
97550,Projection: Hillary Clinton Wins Democratic Primary In Florida,Left
97632,Sanders Concedes Missouri Democratic Primary,Left
97843,Clinton Projected To Win Democratic Primary In Arizona,Left
97929,Bill Moyers: Its Time For These Two Democrats To Go,Right
98236,Sanders: Well See If I Will Fundraise For Down-Ballot Democrats (VIDEO),Left
98285,Winship: Superdelegates Represent Whats Wrong With Democratic Party,Right
98425,Sanders Projected To Win The Wisconsin Democratic Primary,Neutral
98487,Poll: Sanders Opens A Small National Lead As Democratic Divisions Harden,Right
98538,The Top Of The GOP Ticket Is Helping Senate Democrats Already,Left
98839,Everything You Need To Know About CNNs Brooklyn Democratic Debate,Left
98843,Sanders Disavows Surrogates Corporate Democratic Whores Remark (VIDEO),Left
99032,Hillary Clinton Projected Winner Of New York Democratic Primary,Left
99058,Networks: Democratic New York Primary Too Early To Call,Neutral
99345,Clinton Keeps On Cruising: Wins 4 Out Of 5 Democratic Primaries,Left
99347,Van Hollen Gets By Edwards In Maryland Democratic Senate Primary,Left
99350,Bernie Sanders Expected To Win The Democratic Primary In Rhode Island,Left
99356,Hillary Clinton Projected To Win The Democratic Primary In Connecticut,Left
99561,Bernie Sanders Wins Indianas Democratic Primary,Left
99943, Democrats Grilled The FBI Director On Clinton And Weiner Investigations,Left
100027, Democrats Shut Down The Senates Work This Afternoon To Protest Comeys Firing,Neutral
100028," Republicans And Democrats Are Blasting The ""Dumb On Crime"" Sessions Order For Tougher Sentencing",Neutral
100215, Black Democrats Are Starting Their Own Groups To Work Outside Of The DNC,Left
100275,Democrats Hope This 30-Year-Old Can Win A Republican House Seat In Georgia,Left
100300," Republican, Democratic Senators Demand Inquiry Into Russian Election Interference",Neutral
100641, The Republican-Democrat Divide Extends To Hats And Prepaid Cellphones,Neutral
100683, Rising Democratic Star Says He Wont Run Against Ted Cruz Next Year,Left
100838, Democrats In Congress Are Pleading With Trump To Count LGBT Population In The Census,Left
100985, National Democrats Are Trying To Figure Out How To Run Local Races In The #Resistance Age,Left
101066," Democratic Lawmaker Says Donald Trump Has Committed An ""Impeachable Act""",Left
101178," Democrats Think Trumps New National Security Adviser Will Bring ""Sanity"" To The White House",Left
101455, Democrats Will Reintroduce A Major LGBT Bill As A Wedge Issue In Congress,Left
101481, Democrats Say They Wont Help Republicans Craft Obamacare Replacement,Left
101529, Democratic Congressman Apologizes For Crude Kellyanne Conway Joke Four Days After The Fact,Right
101585, Key Democrats Havent Made Up Their Minds As They Prepare To Grill Supreme Court Nominee,Right
101593, Democrats Consider Whether To Take A Page From The Tea Partys Playbook,Left
101838, Meet The New York City Democrat Flacking For Ivanka Trump,Right
101867, Some Black Democrats Want A Lot More From Tom Perez,Left
101893, A House Democrat Told These Government Agencies That Their Emails With Her Wont Be Kept Secret,Right
102039, Washington Democrats Are Beginning To Talk About Impeaching Trump,Left
102052, Democrats In Congress Are Pleading With Trump To Count LGBT Population In The Census,Left
102091, Democrats Are Taking Another Shot At Protecting LGBT Kids From So-Called Cures,Left
102136,11 Democratic Senators Are Backing A Bill To Bring Back Internet Privacy Rules,Left
102163, Senate Democrats Want An Ethics Watchdog To Investigate Donald Trumps Pick For HHS,Left
102220, Democratic War Room Expands With Plans To Scrutinize Hundreds And Hundreds Of Trump Appointees,Left
102489, A Top Democrat Said There Is Evidence Linking Trumps Team To Russia,Left
102823," Democrats Fall Short In Georgia, Jon Ossoff Heads To A Runoff Race In June",Left
102914," Why Trump Will Have To Work With The Senate, Including Democrats, To Get His Judges Confirmed",Right
103082," Why Trump Will Have To Work With The Senate, Including Democrats, To Get His Judges Confirmed",Left
103217,Democrat-Aligned Super PAC Launches First National Ad Blitz Of 2016,Left
103933, Heres Everything You Need To Know About Sundays Democratic Debate,Left
104003, Minimum Wage Workers Plan Strike In Charleston Ahead Of Democratic Debate,Right
104101," MSNBC, Union Leader To Hold Unsanctioned Democratic Debate In New Hampshire",Right
104443,9 Immigration Questions That Sanders And Clinton Havent Been Asked In The Democratic Debate,Neutral
105127," After Iowa, Fears Of Yet Another Caucus Disaster In Nevada Fill Democratic Chatter",Right
106658, Senate Democrats Call For Vote On Obamas Supreme Court Nominee By Memorial Day,Left
106875, Democrats Make Last-Ditch Effort To Delay Anti-LGBT Bill In Mississippi,Right
107310, Democratic Louisiana Governor Rescinds Republican Predecessors Anti-Gay Order,Left
107729, Donna Edwards Blasts The Media And Democrats Criticizing Her As “Difficult”,Neutral
108983, Transgender Woman Wins Utah Democratic Senate Primary,Neutral
109173, The Quiet Existential Crisis Of Moderate Democrats In Philadelphia,Neutral
109225, Harry Reid Tells Democrats To Not Get “Overconfident”,Right
110349, House Majority Leader Says Democrats Will Be Punished For Gun Control Protest,Right
110355, Why Does This Democratic Progressive Group Have Close Ties To A Pro-Trump PAC?,Left
111248, Republicans Leave Town Without Punishing Democrats For Gun Control Sit-In,Right
111386, Democratic Challenger Reports Big Fundraising Haul In Key North Carolina Race,Left
112232, Democrats Dont Have A Plan If Donald Trump Is Elected,Right
112416, The Democrats Dilemma: Work With Trump Or Obstruct,Right
112868," President Obama Offers Advice To Trump, Democrats",Left
113554, Democrats Warn Against GOP Efforts To Fast-Track Trump Nominee In Spending Bill,Left
113569, House Democrats Want An Investigation Into Russian Hacking During The Election,Right
113763," Republican, Democratic Senators Demand Inquiry Into Russian Election Interference",Left
113970," Democratic Group, Clinton Aides Team Up To Sink Trump Nominees",Left
114024, North Carolina GOP Strips Governors Power Before Democrat Takes Office,Left
114196,Over 100 Democratic Lawmakers Sent Trump A Letter Demanding Federal Funding For Abortions,Left
114753,Democrats Wont Fix Their Religion Problem Any Time Soon,Right
114793,Sessions Is No Racist: Take Black Democrats Word for It,Right
114809,GOP Shouldnt Be Intimidated by Democrats Threats in Obamacare Fight,Left
114820,The Delusional Democrats of 2017,Right
114857,Democratic Obstructionism on Cabinet Nominees,Right
114870,Democrats Impotent Attacks on Jeff Sessions,Right
115126,The Democrats Retreat from Reality,Right
115161,The Democrat Patient,Right
115163,Sessions Confirmation Vote Tests Trump-State Democrats,Right
115179,Democrats Cant Win By Taking ‘Resistance Mainstream,Right
115183,What Is the Democratic Party?,Left
115271,When Will Democrats Learn Their Lesson?,Right
115314,Democratic Rage Might Trump Keith Ellisons Past,Right
115355,Can the Democrats Tea-Party Plan Work?,Right
115364,"In West Virginia, a Rising Republican Star Threatens the Nations Most Vulnerable Democratic Senator",Left
115453,A Democrats Self-Dramatizing Departure Could Bring Real Reform to the FEC,Neutral
115461,Democrats Threaten to Eat Their Own,Right
115506,Democrats Test Their Anti-Trump Message in a Special Election in Delaware,Neutral
115576,"In February, Democrats Wrap Up Black Amnesia Month",Right
115603,The Dangerous Implications of Democrats Obsession with Trumps Yemen Raid,Right
115614,The Mike Pence E-mail ‘Scandal Exposes Only Democrats Amnesia about Hillary,Right
115630,Democrats Bad-Faith Attacks on Neil Gorsuch and ‘Money in Politics,Right
115655,"While You Werent Looking, the Democrat–Media Election-Hacking Narrative Just Collapsed",Right
115659,Millennials Cant Save the Democratic Party,Right
115700,The Democrats Clinton Problem,Right
115722,Chelsea Clinton Is Not the Great Democratic Hope,Left
115743,The Beginning of Democratic Nationalism — or the End of Europe,Left
115828,Democrats Shouldnt Dismiss Nuness Spying Claims So Quickly,Left
115879,The Democrats v. Gorsuch,Neutral
115894,Democratic Vendetta,Right
115904,Democrats Know the Election Was Legitimate but Persist in a Dangerous Fraud,Right
115908,The Yasser Arafat of the Democratic Party,Left
115922,Democrats Filibuster Foolhardiness,Right
116042,The Democrats Weakest Trump Talking Point,Right
116044, Tom Daschle: Democrats Bear Most of the Blame for the Filibuster Mayhem,Right
116090,Democrats Arent the Party of Science,Right
116149,Democrats Try for an Upset in Georgia Sixth,Right
116273,Will 2020 Be Another 1972 for Democrats?,Right
116299,The Democrats First 100 Days,Right
116450,"Courts, Colbert Enabling Trumps Violations of Democratic Norms",Left
116459,Democratic Hypocrisy and Hysteria Dont Make Trump Right,Left
116486,Virginia Democrats Rush to the Left,Left
116505,Why Are Democrats Afraid of the Election Integrity Commission?,Right
116526,Democratic Road Rage,Right
116583,"Democrats Should Put Country above Party, Too",Right
116645,Democrats Incessant Trump Bashing Will Pay Electoral Dividends,Right
116842,The Democrats Blind Spot on Terrorism,Right
116854,Dont Fall for the Class-Warfare Rhetoric of Wealthy Democratic Politicians,Right
116953,The Democrats Leftward March,Right
116978,Democrats Move the Russia Goalposts,Left
117072,If a Trump Supporter Had Shot Democratic Congressmen …,Right
117107,The Democrats Resistance Temptation,Right
117113,Finding the Way Back on Immigration Isnt Going to Be Easy for Democrats,Right
117122,A Democratic Blind Spot on Culture,Right
117130,Obamacare Failure Is on the Democrats,Right
117143,"After Another Special-Election Loss, Chances for a Democratic Comeback Look Grim",Right
117153,"Nancy Pelosi, the Face of the Sinking Democratic Brand",Right
117218,Obama Reshapes Presidential Politics — But Maybe Not to Democrats Benefit,Neutral
117527,"The Republicans May Be in Trouble, but Have You Seen the Democrats?",Right
117708,Democrats Latest Wage-Gap Fix Wont Work Either,Right
117746,Democrats Might Rue Their Attempt to Coronate Hillary,Right
117781,Iowas Transparently Dishonest Democratic Caucus,Right
117811,Clinton Ignores Democrats E-mail Question in N.H.,Left
117833,How New Hampshires Democratic Establishment Chose Clinton over Its Constituents,Left
117841,"Marco Rubio: Republican Dream, Democratic Nightmare",Right
117894, Our Democratic Friends Seem to Be Having a Bit of Trouble with This ‘Democracy Thing,Left
117929,The Democrats Likely Nominee Appears to Be a Felon — This Is Not Business as Usual,Right
117951,"Donald Trump Is No Revolutionary, Hes Just a Democrat",Right
118005,Fellow Millennials: Dont Be Deceived by Democratic Socialism,Right
118249,Why Democrats Arent Democratic (and Republicans Shouldnt Be),Right
118315,"Trump Has Funded Empire State Democrats, Crooks",Right
118326,Dear Reagan Democrats: Donald Trump Will Use You and Leave You,Left
118330,The Democrats Archie Bunker,Left
118359,Democrats Propose Lawlessness and Call It Immigration Policy,Right
118485,GOP Oppo Group Tries New Tactic: Crowd-sourcing Dirt on Democrats,Left
118495,Garland Nomination the Latest Move in Democrats Game of Thrones,Right
118664,Democrats Like Corporate Free Speech Well Enough When They Agree with It,Right
118727,Democrats Underestimate Cruz at Their Own Risk,Right
118729,Hillarys Democratic Party Is What an Actual ‘Establishment Looks Like,Left
118952,How Democrats Win Debates by Corrupting English,Right
118958,When Republicans Shill for Democrats on Social Issues,Left
118985,"In Virginia, Terry McAuliffe Breaks the Constitution to Plump the Democratic Vote",Right
119051,Republicans Should Have Adopted Democrats Rules — and Vice Versa,Neutral
119102,Democrats See Danger in Trumps Developing Anti-Clinton Strategy,Right
119306,The Democratic Party Civil War,Neutral
119367,"Surprise: Louisianas Democratic Governor Goes After School Vouchers, Despite His Campaign Promise",Right
119392,"If Clinton Implodes, Democrats May Turn to Biden and Warren",Left
119435,Democrats Dumping of Torricelli Could Be Blueprint for What Happens to Hillary,Right
119450,"On Social Security, Bernie Sanders Is Now the Leader of the Democratic Party",Left
119522,Democratic Unity Falters as Sanders Vows to Soldier On,Right
119526,Can the Democrats Unify?,Left
119663,Democratic Congresswoman Suggests Trump May Be a Clinton Plant,Left
119690,The Democratic Partys Civil War,Right
119748,Democrats Abandon Due Process,Left
119750,Congressional Democrats Sit-In: What a Pompous Exercise in Virtue-Signaling,Right
119754,Democrats Epic Hypocrisy on Guns and Terror,Right
119791,Democrats: We Will Overcome the Constitution,Right
119793,Trumps Struggles Ease Democratic Worries,Left
119874,Trump Will Not Protect You from the Democrats on Gay Rights,Left
119908,The Democrats ‘Emergency Assault on the Second Amendment,Right
119962,The Democrats Self-Serving Distractions,Right
119977,Senate Democrats Seek to Criminalize First Amendment–Protected Speech,Right
120055,<i>Hillarys America</i> — A Two-by-Four Bashing Democrats,Right
120095,Trumps Speech Makes It Official: Its Democrat v. Democrat in 2016,Left
120116,How Hillary Lost the Democrats Traditional Base,Right
120133,The Nordic Democratic-Socialist Myth,Right
120137,Democrats Disunion,Right
120151,The Lawless Anti-White Identity Politics of the Democratic Party Is on Full Display in Philly,Right
120158,Democrats Hysterical Rhetoric Could Help Make Donald Trump President,Right
120160,Democrats Euphemize Abortion as Convention Opens,Right
120178,The Democratic Convention: Mission Partly Accomplished,Left
120183,Democrats Should Stop Pretending Trumps Misogyny Represents the Conservative Movement,Right
120186,Louisianas Democratic Governor Robs Kids of School Choice,Right
120239,Democrats Sacrifice Zika-Virus Research for Planned Parenthood,Right
120260,Why Demographics <I>Dont</I> Favor the Democrats,Right
120280,Republicans Race Democrats to Dig the Deeper Grave,Right
120281,"Democrats Dismiss Voter-Fraud Worries, but Reality Intrudes",Right
120336,Can a 28-Year-Old Outsider Break Democrats Dominance of Californias Central Coast?,Right
120384,Connecticut Democrats War on Free Speech,Left
120474,Democrats Are Right to Worry About an October Surprise,Right
120484,"Indian Americans, Dont Let the Democratic Party Take Your Support for Granted",Right
120591,Why the <i>Democrats</i> Are Fighting the Biggest Carbon Tax in American History,Left
120701,California Democrats Suddenly Think Mandatory Minimums Are a Good Idea,Right
120749,The Democrats ‘But Sipowicz Does It Defense of Hillary Clinton,Left
120758,Trump Is Right: Democrats Have Failed African Americans,Right
120884,The Democrats War on Civic Participation,Left
120920,"Democrats Have Set Themselves Up for Failure at the Debate, and Theyre Panicking",Right
120932,What Would Democrats Do If They Had to Cope with a President Trump?,Left
120938,Do Democrats Want Trump to Win?,Neutral
120940,Will Democratic Success Breed Clintons Failure?,Right
120968,What Happens to the Democratic Party if Clinton Loses?,Right
121227,Hollywoods Pro-Democrat Hagiography Hits a New Low,Right
121243,Teachers Unions Push Democrats to Oppose Charter Schools,Neutral
121460,The Democratic Establishment Has Enabled Hillarys Corruption at Every Turn,Right
121505,Will There Be Consequences for a Democratic Law Firm Caught Funneling Campaign Funds?,Neutral
121519,Democrats Selective Outrage,Right
121529,National Democrats Slander Minnesotas Jason Lewis,Right
121548,"This Is Not James Comeys Fault, Democrats",Right
121594,The Democrats Who Cried Wolf,Right
121596,North Carolina Democrats Applaud Boycotts of North Carolina,Left
121617,How Blue-Collar Democrats Turned Michigan Red for Trump,Right
121631,Democrats Have No One to Blame but Themselves for Trump,Right
121735,Can the Republican Party Keep Trump Democrats?,Neutral
121752,The Not-Yet-Emerging Democratic Majority,Left
121797,"For Democrats, the Road Back",Right
121806,Whats Next for the Democratic Party?,Neutral
121822,Can Democrats Quit Identity Politics?,Right
121854,"Before Hillary Clinton Lost, Scrutinizing Election Results Was ‘Unpatriotic and ‘Undemocratic",Right
121941,Democrats Finally Wake Up to the Dangers of Illiberalism,Right
121944,The Democrats Days of Rage and Denial,Right
122008,Did Democrats Learn Anything From Their Attack on the Filibuster?,Right
122062,Democrats Should End the Blame Game and Turn to the Heartland,Right
122082,Celebrities Rallying to Overturn Trumps Election Are Not Helping the Democratic Party,Right
122152,Democrats Are Crying Wolf in North Carolina,Right
122215,"Under Obama, a Disaster for the Democrats",Right
122258,Kerry to Israel: A State Cannot Be Both Jewish and Democratic,Left
122799,Local Democrats practically begging Hillary to run for mayor,Left
122813,Another sign that Democrats are abandoning Israel,Right
122854,Democrats silent as Israel-bashers get louder,Right
122856,Democrats wage anti-Trump offensive for their own gain,Left
122880,"Manhattan Democrats let their chief be a lobbyist, too?",Left
123308,Trump calls out ‘angry Democrats on Twitter,Right
123317,Trump-Lewis feud prompts more Democrats to skip inauguration,Left
123480,Democrats are in gridlock over John Lewis claims and other notable comments,Right
123690,Democrats real fury is over their own collapse,Right
124314,Democrats are already plotting to block Trumps Supreme Court pick,Right
124382,Democrats delay Jeff Sessions AG confirmation with this trick,Right
124454,Senate Democrat admits fight against Gorsuch is just politics,Right
124464,Grassroots rage and the Democrats crackup,Right
124467,Democrats are digging their own grave — and boosting Trump at the same time,Right
124488,What do Democrats do when theyre done acting out?,Right
124674,Why scared Democrats need to back Neil Gorsuch,Right
124780,Democrats trying their hardest to sink DeVos nomination,Left
124807,Whats really behind Democrats all-night anti-DeVos show,Right
124918,The Democratic Party has lost its mind — and its soul,Right
125006,"In race to run the Democratic Party, common sense has already lost",Right
125008,Democrats empty anti-Trump stunts have made the Senate a circus,Right
125404,Offing Andy Puzder will likely only feed Democrats blood lust,Left
125939,Democrats are asking all the wrong questions of wannabe party chairs,Right
126140,The Democrats who dont dare face voters at town halls,Right
126310,Democrat calls himself a Republican in response to Trump speech,Right
126313,Democrats proved Tuesday night that they still dont get it,Right
126904,Blank book about Democrats is No. 1 bestseller on Amazon,Left
127259,Democrats still havent faced their God problem,Right
127994,Democrat ‘not inclined to join filibuster on Gorsuch vote,Neutral
128187,Pair of Senate Democrats signal support for Gorsuch nomination,Right
128316,Democrat will join filibuster against Gorsuch over ‘lack of humanity,Left
128384,Democrats and Republicans split over Gorsuch nomination forecast,Neutral
128722,The filibuster war was all about Democrats excesses,Right
128770,‘Cuomole has state Democrats on edge,Right
129378,Democratic Convention used American flags ‘to hide crazy people shouting things,Right
129453,Democrats ridiculous tax attack,Right
129474,Democrats all-too-telling love for Maxine Waters,Left
129935,Democrats are still rushing to extremes,Right
130115,Even Bernie Sanders thinks Democrats have gone too far,Right
130152,Trump chides Democrats for blocking his policies,Left
130411,Democrats bizarre response to passing of ObamaCare repeal,Neutral
130484,Trumps embrace of Andrew Jackson could let Democrats steal Honest Abe,Left
130602,Trump says ‘fake media should probe Democrats ties to Russia,Right
131398,"Sorry, Democrats: Youre not putting country above party, either",Right
132188,Todays Democrats have no problem embracing known terrorists,Right
132285,White House tells agencies to ignore Democrats oversight requests,Right
132317,Putin is ruthlessly trolling the Democrats,Right
132859,Top Democrat calls for investigation of Loretta Lynchs Clinton probe,Neutral
133020,Democrats pathetic bid to swear their way into voters hearts,Right
134525,Democrats are de Blasios No. 1 affordable housing problem,Right
134931,Hacker leaks Democrats research reports on Trump,Left
134972,Democrats finally regret crying wolf all those years,Right
134984,Boston ‘shadow donor scandal casts shadows on Democrats nationwide,Right
135930,The ambitious Democrat who can make Trump University explode,Left
136042,Democratic party leader resigning in wake of email leak,Right
136156,Democrats will stick to denial even if it means burning down the Republic,Right
136531,Democrats fire warning shots at Hillary — and she better listen,Left
136664,Democratic minority challenger accused of sexism,Right
136739,Why Democrats dont want you to have the same rights as Hillary,Right
136813,Sanders won the soul of the Democratic Party,Left
137001,Obamas legacy is a devastated Democratic Party,Right
137114,Cheesy doc ‘Hillarys America is an attack on all things Democratic,Left
137588,Why Marco Rubio is Democrats worst nightmare,Right
137847,Christie exposes Democrats Supreme hypocrisy,Right
138037,Democrats no longer care that their soda tax hits the poor hardest,Right
138070,Flip-flop flap: A Democrat stands up for formal wear,Right
138576,New York Democrats have a horrendous record on sexual harassment,Right
138589,How Trump won over a bar full of undecideds and Democrats,Right
138730,CEO who gouged EpiPen price is daughter of Democratic senator,Right
138733,Democrats keep pointing fingers everywhere but at themselves,Right
138977,Wife held in husbands shooting was Democratic delegate,Right
139053,Two transgender candidates win in Democratic primaries,Left
139195,Democrats failures are lost in the glare of Trumps personality,Right
139202,Hackers release phone numbers of House Democrats,Right
140130,Obamas main legacy: the collapse of the Democratic Party,Right
140266,Leaked emails show how Democrats screwed Sanders,Right
140790,The Democrats are in bad shape — even if Hillary wins,Right
140843,Democrats should join Trump in calming the nation,Right
140919,Hillarys vow to kill coal miners jobs finishes a vast Democratic betrayal,Right
141495,Are there any adults left in the Democratic Party?,Right
141497,"In choosing their next chief, Democrats should listen to Obama",Left
141498,"Democrats cloudy future, Obamas failure to lead, and other notable commentary",Right
142086,Democratic ‘tracker fired for ‘stalking Republican candidate,Right
142374,"Ivanka Trump, husband vacation on billionaire Democrats yacht",Left
143048,Why the Democrats owe Mitt Romney an apology,Right
143495,Hillarys financial history is a clear trap for Democrats,Right
143589,"New York deserves a Democratic debate — stop dodging, Hillary",Left
143822,"Sorry, its the Democrats who racialized US politics",Right
143862,Democrats bickering over next National Committee chair,Right
143962,Democrats empty bench left Tim Kaine as Hillarys only real choice,Right
143967,Hackers reveal Hollywood elites role in Democratic Party,Right
144397,Bernie Sanders warns Democratic bosses: Dont push me out,Left
144412,Democrats demons: reason to fear convention chaos,Right
144649,Heres whom Democrats could turn to in 2020 to unseat Trump,Right
144895,Democrats plan to fight several Trump cabinet picks,Left
144945,The joy of voting in the Democratic primary as a conservative Republican,Right
145192,"Now, even Democrats can see the ObamaCare death spiral",Right
145777,Democrats demand transcripts from Michael Flynns talks with Russian ambassador,Left
145855,Democrats hopeful $8.3m can spark resistance vote in Georgia special election,Left
145860,Civil war has broken out inside the Democratic party. Does the future belong to the populist left or the centrists?,Right
145912,The Democrats Davos ideology wont win back the midwest,Right
145936,Democrats seek 9/11-style commission to investigate Russian hacking,Left
145989,"More Bernie, less Trump: is this how Democrats will win Montanas special election?",Left
146299,Democrats reluctantly accept James Comey at FBI as Russia inquiries expand,Left
146389,Democrats must do to the Dakota pipeline what they did to Betsy DeVos: resist,Left
146406,"James Comey: Democrat by birth, Republican by trade, thorn in the side of both",Neutral
146497,"Inspirational Corbyn offers blueprint for our party, say left-leaning Democrats",Left
146590,Party for the people? Democrats seek Perez unity but doubters are vocal,Neutral
146824,American healthcare is at a crossroads. Where is the Democrats bold vision?,Left
146945,Bernie Sanders lambasts absolute failure of Democratic partys strategy,Right
147010,Democrats take us black voters for granted. What if we abandoned them?,Right
147321,The anti-Trump resistance will fail if we dont ditch establishment Democrats,Left
147365,Obama and Democrats plan strategy meeting to protect Obamacare,Left
147401,DNC leadership debate: candidates tout credentials as progressive Democrats,Left
147423,Meet the Democrat who wants to be Americas first black female governor,Left
147571,Lead Democrat accuses White House of distracting from Trump-Russia inquiry,Right
147610,Democrats have no business rejoicing at the Trumpcare disaster,Right
147668,The Democratic party is undermining Bernie Sanders-style candidates,Right
147965,Democrats love bashing Trump. But that alone wont help them win again,Right
148269,Republican health bill: Democrats pledge Senate standstill over secrecy,Left
148727,2020 vision? Kamala Harris oversight role gives Democrats a new rising star,Left
148944,Democrats urge Obama to deprive Trump of use of Guantánamo Bay,Left
149027,House Democrats challenge Deutsche Bank over review of Trumps accounts,Left
149079,Paul outlines Obamacare replacement as Sanders rallies Democratic supporters,Left
149165,Senate Democrats pledge to block Neil Gorsuchs supreme court nomination,Left
149186,Fight for a free and independent press – its crucial to a democratic society,Left
149326,Donald Trump blames Democrats for stunning failure to repeal Obamacare,Left
149388,Trump sued by 200 Democratic lawmakers over foreign payments,Left
149459,Will a gay mayor from the Rust Belt be the Democrats next leader?,Left
149670,The Democrats delivered one thing in the past 100 days: disappointment,Right
149727,Democrats embracing Tea Party tactics? That wont work without a new ideology,Left
149847,Democrats are right to fight Gorsuchs confirmation – it will always be a stolen seat,Left
149853,It was the Democrats embrace of neoliberalism that won it for Trump,Right
149944,Lack of respect: Democrats hit back at Trumps outrage over travel ban ruling,Left
150049,"After the divisive Democratic National Committee chair election, whats next?",Left
150112,Healthcare hearing: Democrats try to stall bill as Ted Cruz voices pessimism,Left
150135,Democrats turn to American people to protect Obamacare from looming repeal,Left
150552,"House intelligence committee will also subpoena Flynn, top Democrat says",Left
150625,Obama aide: Trump should reach out to Democrats boycotting inauguration,Left
150818,Democrats call for Michael Flynns dismissal after reported Russia talks,Left
151191,Neil Gorsuch under fire from Democrats in second day of Senate questioning,Right
151321,Keith Ellison enters race to lead Democratic National Committee,Left
151364,Democrats demand Congress end its vacation to approve Zika funding,Left
151425,Debbie Wasserman Schultz to resign as DNC chair as email scandal rocks Democrats,Right
151513,Clintons doctor: Democratic nominee is fit to serve as president – as it happened,Left
151841,Hillary Clinton receives first national security briefing as Democratic nominee,Left
id,title,Neutral
73750,Trumps Detail-Free First Pitch to Republicans,Left
73781,Do Deficits Still Matter to Republicans?,Left
73814,House Republicans and Democrats Represent Divergent Americas,Neutral
73872,Cracks Appear in the Trump-Republican Alliance,Left
74035,"The Republican Carbon Tax Is Republican, Say Republicans",Right
74051,Republicans Dont Know How or When to Repeal Obamacare,Left
74163,The Federal Voting Agency Republicans Want to Kill,Left
74195,Republicans Muted Response to Flynns Resignation,Right
74221,What Happens Next Is Up to Republicans,Right
74287,Republicans New Plan to Gut Public Insurance,Left
74381,Republican Voters Trust Trump More Than GOP Leaders in Congress,Right
74402,Republican Lawmakers Face Hostile Town-Hall Crowds,Left
74448,Kansas Republicans Sour on Their Tax-Cut Experiment,Left
74541,Trumps Budget Proposal Threatens Democratic and Republican Ambitions,Left
74582,The Cloak-and-Dagger Republican Obamacare Repeal Operation,Left
74592,Republican Lawmakers Call for Sessions to Recuse Himself,Left
74691,Can Trump Save the Republican Health-Care Bill?,Left
74715,The People Helped by the Republican Health-Care Bill,Right
74838,How Republicans Can Win By Making Their Peace With Obamacare,Right
74894,The House Republicans Calling for Climate Action in the Trump Era,Right
74906,Conservatives Get Their Shot to Change the Republican Health-Care Bill,Right
75035,Conservatives Threaten to Sink Republican Health-Care Bill,Right
75081,Republicans Cant Find the Votes for Their Health-Care Bill,Left
75088,Who Will Republican Voters Blame for the Failure of the GOP Health-Care Bill?,Left
75089,The Republican Waterloo,Left
75091,The Republicans Fold on Health Care,Left
75158,It Doesnt Get Any Easier for Republicans Now,Left
75165,The Closing of the Republican Mind on For-Profit Colleges,Left
75188,Why Do So Many Republicans Believe Trumps Wiretap Claims?,Left
75274,Why One Powerful Republican Doubts Trumps Climate Policy,Right
75289,The Republican Majority in Congress Is an Illusion,Left
75296,The Republican Identity Crisis,Left
75410,Will Republican Hawks Convince Trump to Take a Tougher Line on Syria?,Right
75413,Republicans Abandon the Filibuster to Save Neil Gorsuch,Left
75504,The Kansas House Race Giving Republicans the Jitters,Left
75561,Republicans Stave Off a Kansas Shocker,Right
75685,The Georgia Republican Who Succeeded by Keeping Her Distance From Trump,Right
75827,Moderates Can Now Sink or Save the Republican Health-Care Bill,Left
76003,"Watching the Benghazi Film, 13 Hours, With a Republican Crowd",Left
76068,The Limits of the Republicans Immigration Debate,Left
76076,The Republican Conflation of Immigration and ISIS,Left
76213,The Republican Partys Internecine Fights Spill Into the Open,Left
76273,Republicans Wont Even Fake It,Left
76279,How a Florida Republican Challenged the Gun Lobby,Left
76308,Can Democrats Get Republicans to Move on Scalias Replacement?,Right
76310,Will Republicans Target Trump in Texas?,Left
76356,Can Trump Divide and Conquer the Republican Establishment?,Right
76541,How Donald Trump Could End the Republican Lock on the Mormon Vote,Left
76683,How the Republican Race Could End,Neutral
77164,Where Republicans Stand on Donald Trump: A Cheat Sheet,Left
77172,Can Donald Trump Unite the Republican Party?,Left
77285,A Republican Truce in the Making?,Right
77320,​How Republicans Finally Got a Victory on Obamacare,Right
77394,The Impossible Task Facing Republican Leaders,Right
77520,How Republican Governors Are Narrowing Clintons Choices,Right
77596,A Possible Republican Truce on Obamacare,Neutral
77660,Republicans Beg Marco Rubio to Keep His Day Job,Left
77699,Where Republicans Stand on Donald Trump: A Cheat Sheet,Neutral
77739,What Does It Mean to Be a Republican?,Right
77792,Republicans Struggle to Make Their Anti-Poverty Plan Heard,Left
78150,"Trump Time Capsule #87: Land of 10,000 Lakes but Not Even 1 Republican on the Presidential Ballot",Left
78505,House Republicans Abandon One of Their Own,Left
78557,Trump Is on the Verge of Losing Even Republicans,Left
78578,When House Democrats Turned Out the Lights on Republicans,Left
78691,The Atlantic Policy & Politics Daily: Wanted: Speakers for the July Republican Convention,Right
78709,Donald Trump Issues a Warning to Republicans,Left
78827,Why Would a Republican Hawk Support Donald Trump?,Right
78910,Where Republicans Stand on Donald Trump: A Cheat Sheet,Left
79073,Planning for Calamity at the Republican Convention,Left
79078,Will the Republican Party Recover Among Latino Voters?,Left
79100,The Republican Hydra,Right
79115,"Republicans Last, Doomed Fight Against Donald Trump",Left
79137,The 19-Year-Old Republican Heading to Cleveland,Right
79138,The Republicans Who Are Staying Home From Trumps Convention,Left
79156,Republicans Vaudeville Convention,Right
79190,Do Republicans Know What Again Means?,Left
79205,The Art of the Republican National Convention,Right
79211,Why the Republican Convention Is So Mean,Left
79215,Lock Her Up: How Hillary Hatred Is Unifying Republicans,Right
79224,Trump Cant Persuade Republicans to Like Him,Left
79257,Do Republicans Think Trump Can Win?,Right
79272,The Democrat That Republicans Really Fear Most,Left
79362,Donald Trump Has Turned the Republicans Into the Party of Russia,Left
79458,Sally Bradshaw Has Left the Republican Party,Neutral
79485,Obama to Republicans: ‘Why Are You Still Endorsing Trump?,Left
79487,Where Republicans Stand on Donald Trump: A Cheat Sheet,Right
79492,The Atlantic Politics & Policy Daily: Republican Leaders to Donald Trump—We Need to Talk,Left
79501,The Republican Ticket Splits on Paul Ryan Endorsement,Left
79525,Republican Billionaires Break for Clinton,Left
79638,Which Republicans Oppose Donald Trump? A Cheat Sheet,Left
79706,How Trump Remixed the Republican Southern Strategy,Left
79743,Will Donald Trump Permanently Alienate Republican Women?,Left
80095,The Atlantic Politics & Policy Daily: Hispanic Republicans Say Adios to Trump,Left
80098,Donald Trumps Immigration Speech Backfires Among Hispanic Republicans,Left
80112,Which Republicans Oppose Donald Trump? A Cheat Sheet,Left
80815,Which Republicans Oppose Donald Trump? A Cheat Sheet,Right
80861,Mike Pence Embraces the Foreign Policy That Republican Voters Rejected,Left
80864,Republicans Can Understand Science and Still Deny Climate Change,Left
80966,Trump Tries to Intimidate Republicans Into Sticking With Him,Left
80974,Donald Trumps Bitter Barrage Against Republicans,Right
80985,The Tweetstorm Heard Round the Republican Party,Left
81021,Why Republicans Are Flip-Flopping On Their Endorsements,Left
81159,"In the Age of Trump, No Wonder Republicans Miss William F. Buckley",Left
81188,A Guide for Undecided Republicans﻿⁠⁠⁠,Left
81279,Liberty University Students Want to Be Christians—Not Republicans,Left
81323,The Republicans Giving In to Donald Trump,Left
81362,Trump-Supporting Republicans Face a Backlash on College Campuses,Left
81383,What Happens If Republicans Refuse to Replace Justice Scalia?,Neutral
81423,Why Wont More Republicans Privately Voting for Clinton Say So in Public?,Left
81469,Which Republicans Oppose Donald Trump? A Cheat Sheet,Left
81550,Can Republicans Contain Trump?,Left
81650,Republicans Rally Around Paul Ryan,Right
81710,"A Republican Mandate, but for What?",Left
81861,Republicans Get Ready to Welcome Back Earmarks,Neutral
81930,The Republican Attack on the American Dream,Left
81944,The Republican Vogue for Stripping Citizenship,Left
81980,The Republican Congress Is Filling Trumps Cabinet,Left
82289,Republicans Forge Ahead With Their North Carolina Power Grab,Right
82317,"North Carolinas Legislative Coup Is Over, and Republicans Won",Right
82758,South Carolina: Gateway to the 2016 Republican nomination,Right
82778,"Republicans on Capitol Hill, campaign trail joyful about prisoner release, still upset about Iran nuclear deal",Right
82923,Fox News Republican debate: Four things to keep your eye on,Right
82954,How the Iowa Democratic and Republican caucuses work,Neutral
83009,Top House Republican demands Kerry explain $1.7 billion Iran payment,Right
83027,Republicans push for Fiorina to be included in ABC debate,Right
83029,"Obama rips doom and despair Republicans on economy, defends oil tax",Left
83154,Hey Republicans -- Dont screw this up,Left
83163,Obama fires back at Senate Republicans in Supreme Court battle,Left
83176,Republicans need to stop acting the fool,Left
83233,Dems on their own? Republicans claim Clinton coattails fraying,Right
83243,Core Republicans throw support to Rubio as best bet to derail Trump,Left
83250,What is a Trump Republican? GOP front-runner building diverse coalition,Right
83368, November preview? Turnout surging in Republican primaries – and sinking for Democrats,Right
83514,Fox News to host March 21 Republican presidential debate,Right
83534,Republicans hammer EPA official over Flint water crisis,Right
83552,Obama pressures Republicans with political Supreme Court pick,Left
83608,Trump reportedly to meet with top Republicans in Washington,Right
83643,"Bill Clinton slams awful legacy of the last eight years, claims he was criticizing Republicans",Left
83715,"Nearly 20,000 support petition to allow guns at Republican National Convention",Neutral
83802,Palin calls on Republicans to unify behind Trump candidacy at GOP dinner,Right
84062,"Republicans: Virginia Gov McAuliffe restored felon voting rights to help Clinton, ‘political opportunism",Right
84075,Cruz stays in the Republican presidential fight by quietly scoring delegates,Right
84171,"Trump clinches, Cruz bails and the media face a new Republican reality",Left
84201,A message for my fellow Republicans: If you back Trump you will not be trusted again,Right
84311,Report: Anti-Trump Republicans contacted Mark Cuban about third-party bid,Left
84312,Donald who? Wisconsin Republicans largely avoid Trump,Left
84383,"Blue Lives Matter display defaced at Dartmouth, college Republicans say",Left
84443,Republicans seize on State Department audit to challenge Clintons repeated claims on emails,Right
84475,North Carolina police department pulls out of Republican National Convention,Left
84502,Cleveland officials to outline security measures for Republican National Convention,Neutral
84712,Alaska Republicans back bill to prevent ObamaCare meltdown in state,Left
84752,"Ryan, top Republicans urge caution on post-Orlando gun control measures",Right
84819,Republican senator seeks bipartisan support for gun deal,Neutral
84829,"African-Americans should start voting for Republicans, again",Right
84977,Republican delegate revolt grows in effort to sidetrack Trump nomination,Right
85068,House Republicans want more answers from FBIs Comey on Clinton case,Right
85148,Priebus on Republican convention: Were ready for it,Right
85149,Republican National Convention: By the numbers,Neutral
85159,"Republican officials approve convention rules, triggering uproar",Right
85176,"Trump closes the deal, becomes Republican nominee for president",Right
85179,Four things weve learned (so far) from the Republican Convention,Right
85377,Republicans planning Trump intervention after rocky week,Right
85551,House Republicans detail perjury allegations against Clinton,Right
85704,Republican calls grow for second look at Clinton case,Right
85868,Republicans push to re-open Clinton email case after FBI document drop,Right
85900,Republicans demand answers on cash payment to Iran at tense hearing,Right
85907,Trump Card? Republican voter registration a bright spot for campaign,Right
86301,"ObamaCare architect on defense over rising premiums, blames Republicans",Right
86303,Republicans blast FBI for astonishing agreement to destroy Clinton aides laptops,Right
86359,"Republicans claim collusion after email appears to show DOJ, Clinton campaign contact",Right
86363,"Trump rips Ryan, disloyal Republicans for shunning his campaign",Left
86378,Whos with Trump? Senate Republicans deeply split in wake of tape controversy,Left
86408,Some big Republican donors want RNC to cut ties with Trump,Left
86573,Republicans banking on carefully built House firewall,Right
86625,Republicans renew calls for Clinton to be denied security briefings,Right
86647,"Republicans have only guarded optimism about FBI probe changing Clinton, Trump race",Right
86825,"Ryan says Trump victory will unify Republicans, vows to work hand in hand",Right
87298,Louisiana votes to send Republican John Kennedy to U.S. Senate,Right
87305,CIA report of Russia interference in 2016 race divides Republicans,Left
87376,9/11 record of Republican faithless elector called into question,Left
87465,Republicans accuse Dems of hypocrisy after bathroom bill repeal falls apart,Right
87742,Texas Republicans Unveil Anti-Gay Bathroom Bill Similar To NCs HB2,Left
87939,Republicans Big Dilemma On Obamacare: Do We Repeal The Taxes?,Left
88057,The Week Republicans Woke Up To The Reality Of Obamacare Repeal,Left
88228,Trump Is Not a Big Fan Of A Key Part Of Republicans Tax Plan,Left
88244,Dem Senator On Republican OCare Replacement: They Are In A Panic,Left
88535,Republicans Eye Tax Overhaul By August Recess,Left
88542,Hill Republicans Grapple With Donald Trumps First Days On The Job,Left
88600,Republican Senator Says Trumps Border Wall Should Be Offset,Left
88631,The Republican Congress is Responsible,Left
88755,Do Republicans Remember When They Promised Theyd Be A Check On Trump?,Left
88901,Obamacare Enrollment Slows In Final Days As Republicans Debate Repeal,Right
88962,Republican Congressman Escorted Out By Police Amid Protests At Town Hall,Left
89138,College Republicans Apologize For Handing Out Hitler-Themed Valentines Card,Left
89566,Republicans Buy Time In Case That Could Destabilize Obamacare,Left
89610,RECESS RUCKUS: Republicans Met With Jeers At Town Halls Across Country,Right
89693,RECESS RUCKUS: Republicans Pressed To Be A Check On Trump,Left
89976,Republicans Scramble To Defend Sessions After Russia Revelations,Left
90096,House Republicans Unveil Obamacare Repeal Legislation ... At Long Last,Right
90275,Pence: We Need Every Republican To Support Obamacare Repeal,Right
90279,"Major Insurer Supports Republican Health Care Bill—Well, Parts Of It Anyway",Right
90314,GOP Senator: Repeal Bill May Put House Republican Majority At Risk Next Year,Left
90471,Are Republicans Just Using Obamacare Repeal As Cover For Gutting Medicaid?,Left
90635,Republicans Commandeer Hearing On Russian Meddling To Rail Against Leaks,Left
90674,Spicer: Republicans Will Pay A Price If They Dont Support GOP Health Bill,Neutral
90677,Conservative Group Heritage Action Still Against Republican Health Care Bill,Left
90730,Republicans Plan To Gamble On Obamacare Repeal Vote Friday,Left
90770,Republicans Point Fingers As Health Care Bill Goes Down In Flames,Left
90780,Republicans Unsure Health Care Bill Can Pass Hours Before Vote,Left
90891,"Priebus: In Wake Of Repeal Failure, Time For Republicans To Start Governing",Right
90951,First Republican Lawmaker Says Nunes Must Recuse Himself From Russia Probe,Left
91238,Why Unified Republican Government Went Rapidly Off The Rails,Left
91330,Obamacare Repeal 2.0 Shows Republicans Have Learned Nothing,Left
91393,Republican Sens. Want Info From DHS After It Requested Twitter Users Info,Left
91430,"In Georgia Race, Republicans Battle As Democrat Chases Upset",Right
91620,Trump Threatens to Torch More Republicans,Left
91780,Top Republican Faces Tough Questions About Health Care At Oregon Town Hall,Right
92103,Why Cant Republicans Move On From Obamacare Repeal?,Left
92205,Trump: Im ‘Disappointed In Republicans For Legislative Failures (VIDEO),Left
92430,"Sorry, Ryan: Senate Republicans To Scrap House Repeal Bill, Start From Scratch",Left
92431,California Republicans Tip The Balance On Ocare Repeal Vote,Right
92455,Key Senate Republican Says House Bill Raises ‘More Questions Than Answers,Right
92601,The 5 Biggest Fibs Republicans Used To Pass The House Obamacare Repeal Bill,Left
92663,Top Senate Intel Republican ‘Troubled By Comey Firing,Left
92875,Russia Redux: Republican Senators Confront Another Trump Disaster,Left
92887,Republicans Go Quiet or Scared,Left
92927,First Republicans In Congress Use the I-Word: Impeachment,Left
93958,GOP Tax Plan In Trouble As Republicans Increasingly Reject Import Tax,Left
94030,Trump Tweets Misspelled Endorsement Of Georgia Republican Candidate,Left
94046,READ: Senate Republicans Release Obamacare Repeal Bill,Left
94692,Republican Leaders Weigh In On Whether Cruz Qualifies To Be Prez,Right
95552,Rubio: Republican Voters Realized I Give The Party The Best Chance,Right
95555,Can Marco Rubio Save Republicans From Themselves?,Left
95557,Initial Reflections: A Better Night for Republicans,Right
95986,What Congressional Republicans Snub Of Obamas Budget Really Says,Left
96125,Harry Reid To Republicans: You Better Not Block Us From Replacing Scalia,Left
96179,AP: Fact Checking The South Carolina Republican Debate,Left
96628,Meet The Republican Willing To Give Obamas SCOTUS Nom A Chance,Left
96650,Trump To Cruz: You Dont Have One Republican Senator Backing You,Left
96817,Trump Criticizes The Republican Party: Its Not Being Run Properly,Left
96959,Harry Reid Savages Republicans For Making Trump,Left
96966,Mass. GOP Guv Says He Wont Back Trump As Republican 2016 Nom,Right
97037,Republicans Debate. A Total Mess. Sad!,Left
97236,Biden: Ronald Reagan Could Not Win The Republican Primary Today,Left
97246,Trump Calls For Republicans To Unite Behind Him: Embrace It,Neutral
97311,AP Fact Checks CNNs Miami Republican Debate,Neutral
97312,What The Heck Is Going On With The Virgin Islands Republican Party?,Left
97336,GOP Senator: Of Course Wed Consider SCOTUS Nom If Obama Were Republican!,Right
97465,Marco Rubio Wins Washington DC Republican Caucus,Right
97547,Donald Trump Projected Winner Of Illinois Republican Primary,Neutral
97715,"Republican Senators In South Carolina, New York Propose Refugee Registries",Left
97849,Report: Some Utah Republicans Struggle To Vote Online,Neutral
98447,Ted Cruz Projected To Win Wisconsin Republican Primary,Right
98471,There Is No White Knight Who Can Save The Republican Convention Now,Left
98491,GOP Rep.: Wisconsin Voter ID Law Will Help Republicans In General Election,Right
98583,Republicans Are About To Swipe A Blue Electoral Vote In Nebraska,Right
98924,Cruz Wins All 14 Wyoming Republican Delegates,Right
99099,Senate GOPer Tells Colleagues To Stay Away From Republican Convention,Left
99142,How Can Ted Cruz Pretend He Deserves The Republican Nomination Now?,Left
99262,Charles Koch: Its Possible Clinton Would Be Better Prez Than A Republican,Left
99287,The Republican Senate Majority Is Collapsing Around Mitch McConnell,Left
99508,Moderate Republicans? Oh Please,Left
99587,How Donald Trump Dooms Republicans Way Beyond 2016,Left
99806,"Senate Republicans Are Already Very, Very Tired Of Trump Questions",Left
99874,McConnell On Trump: Hillary Clinton Will Be Enough To Unify Republicans!,Right
99875,Donald Trump Wins Nebraska Republican Primary,Right
99914,How Trump Is Breaking McConnells Once Congenial Republican Majority,Neutral
99970, Republicans In Congress Are Moving To Crack Down On Class-Action Lawsuits,Right
100028," Republicans And Democrats Are Blasting The ""Dumb On Crime"" Sessions Order For Tougher Sentencing",Neutral
100080, House Republicans Flub Their First Day Back,Left
100081, House Republicans Wont Say Theyll Open A New Investigation Into Russian Hacking,Left
100116," After That Health Care Fail, Its Not Clear If Republicans Can Govern",Left
100275,Democrats Hope This 30-Year-Old Can Win A Republican House Seat In Georgia,Left
100300," Republican, Democratic Senators Demand Inquiry Into Russian Election Interference",Neutral
100312, Heres What Is Actually True And False About The Republicans Health Care Plan,Neutral
100373, Republicans Arent That Scared Of Donald Trumps Threats Yet,Right
100378, University Officials Are Investigating After College Republicans Passed Out An Anti-Semitic Valentines Day Card,Left
100405, Republicans Arent Saying Much About Trumps Immigration Ban Yet,Left
100573, Republicans Just Barely Won The First Post-Trump Congressional Election,Left
100626, Conservative Republican Justin Amash Signs On To Bill For An Independent Russia Investigation,Right
100628, House Republicans Abruptly Abandon Effort To Gut Ethics Watchdog,Right
100641, The Republican-Democrat Divide Extends To Hats And Prepaid Cellphones,Neutral
100644, This Is How Gay Republicans Partied After Donald Trumps Inauguration,Right
100761," Republicans Want To Keep Popular Parts Of Obamacare, Despite Votes Against Them",Left
100812, Republicans Want The EPA To Investigate Employees Using Encryption,Right
100830, Already Wary Republican Senators Are Worried About Their Partys Health Care Bill,Left
100866, Pence Promises House Republicans Trump Will Fulfill Campaign Promises On Day One,Right
100884, A Woman Said She Pursued Her Republican Congressman Because Her Daughter Has A Pre-Existing Condition,Right
100927,Republicans Walk Away From Jan. 27 Target To Repeal Obamacare,Left
100935, Critics Say A Republican Bill Would Open The Door To Genetic Discrimination,Left
101021, Trump Criticized Republicans Surprise Move To Gut Ethics Watchdog,Left
101052, Paul Ryans Spokeswoman Made An Incredibly Misleading Claim About The Republican Health Care Bill,Left
101171," Republicans Say A Deal To Repeal Obamacare Can Still ""Rise From The Dead""",Right
101194, Republicans Just Voted To Permanently Prevent Federal Funding For Abortions,Right
101255, Republicans Are Moving To Get Rid Of Rules That Limit Overdraft Fees,Right
101364, How Two “Safe” Republican Seats Turned Into The First Big Tests Of Trumps Republican Party,Left
101373, House Conservatives Craft Plan To Change The Republican Health Care Bill,Left
101481, Democrats Say They Wont Help Republicans Craft Obamacare Replacement,Left
101539, Trump Gives Republicans An Ultimatum On Health Care Bill: Vote Or Were Done,Right
101560,"After 27 Hours Of Increasingly Loopy Debate, Republicans Barely Changed Their Health Care Bill",Left
101629," Republican Chairman Wants To Know If Trumps ""Winter White House"" Is Actually Secure",Left
101687, Republicans Are Moving To Scrap Rules That Limit Overdraft Fees,Neutral
101735, Republican Chairman Says Sean Spicer Should Stay “In His Lane” On Health Care Bill,Left
101738, Hundreds Of Angry Residents Take On Republican Congressman Over Health Care,Left
102093, Republicans Are Calling For Independent Investigations Into Russia After Trump Fired The FBI Director,Right
102094, A Woman Allegedly Tried To Run A Republican Congressman Off The Road Over His Vote To Repeal Obamacare,Right
102099, Republicans In Congress Want To Crack Down On Class-Action Lawsuits,Left
102170, Heres Why Republicans Are Confident Neil Gorsuch Will Be On The Supreme Court,Right
102251, House Republicans Are Going On A Two Week Break Without Finishing Some Of Their Big To-Do Items,Left
102300, Republican Senator Blames Health Care Criticism On The Public Wanting “To Take Every Dime They Can”,Left
102449, Republicans Try And Navigate Tense Town Halls,Left
102514, A Republican Lawmaker Wants To Turn In Students Who Dont Speak English To Save Money,Right
102774, Moderate Republicans Pitch Plan To Let States Keep Obamacare,Left
102814, The Republican Obamacare Replacement Bill Is Back. But Maybe For Real This Time,Left
102850, Top Trump Civil Rights Official Is An Expert At Defending Republican Redistricting,Right
102907," Republican Says Flynn Will Likely Have To Testify Before Congress, As Others Want To Move On",Left
102981, Live Updates: Top Republican Requests Review Of Trumps Firing Of FBI Director,Left
102999, Trump Warns Republicans About Botching Obamacare Repeal Ahead Of Climactic Vote,Right
103024," After Promising For Years To Repeal Obamacare, Republicans Have To Explain Why They Havent Yet",Left
103089, The Republican Effort To Scrap Rules On Prepaid Debit Cards Has Failed,Left
103121, Republican Divide On Obamacare Grows As Freedom Caucus Calls For Rapid Repeal,Right
103145, Outdoor Companies Are In A Fierce Battle With Republicans Over Obamas National Monuments,Left
103148, “Things Jesus Never Said” Is Trending After House Republicans Passed Their Health Care Plan,Left
103184," As Many Republicans Avoid Testy Town Halls, Mark Sanford Hosts A Marathon Event With Protesters",Right
103186, John Kasich Sounds Like Hes Over The Republican Party,Left
103464, How A New Hampshire Republican Is Trying To Survive A Trump Nightmare,Left
103622, Rand Paul Didnt Make The Cut For The Next Republican Debate,Left
103722, Republican Presidential Candidates Debate Tonight With Iowa Caucuses Looming,Neutral
103876, Republicans Cant Agree On How To Talk About The Bernie Sanders Surge,Left
103974, First Republican U.S. Senator Co-Sponsors LGBT Equality Act,Right
103988, Republican Frontrunner For Montana Governor Has An Extreme Anti-LGBT Past,Left
104069, Donald Trump Says He Will Skip Republican Debate,Neutral
104153,"In 2011, Trump Blasted Republicans For Being Too “Afraid” And Skipping A Debate",Left
104174, Heres Everything You Need To Know About The Republican Debate Without Trump,Left
104242, Gay Republicans Take Aim At Clintons Prior Marriage Equality Opposition In Web Ad,Right
104811, Republican Candidates Set To Debate After Trumps Rout In New Hampshire,Left
105172, Republicans Rush To Crown Marco Rubio The Anti-Trump Standard Bearer,Left
105288," Utah Senate Committee, Led By Republicans, Passes Bill To End The Death Penalty",Right
105294, Republicans Vow To Not Hold Hearings On Obamas Supreme Court Nominee,Right
105634, Republicans To Debate Tonight After Trumps Huge Super Tuesday Wins,Right
105664, Republican Combat Vet: Trump Is Openly Advocating War Crimes,Left
106560, Senate Republicans Signal Willingness To Accept Supreme Court Nominee Questionnaire,Right
107310, Democratic Louisiana Governor Rescinds Republican Predecessors Anti-Gay Order,Left
107929," Turning To The General, Clinton Makes Pitch To The “Thoughtful Republican”",Left
108000," Turning To The General, Clinton Makes Pitch To The “Thoughtful Republican”",Right
109463, Trumps Foreign Policy Is Foreign To The Republican Party,Left
110335, Republicans Arent Sure What Trumps Immigration Policy Is Either,Left
110396, “Battle Lines Are Forming” Within Republican Ranks Over Government Funding,Left
110711," Ted Cruz Is Picking A Big Fight Over The Internet, And Top Republicans Are Backing Him",Right
111193, Michigan Congressman Accuses Republicans Of Racism Over Flint Aid,Left
111230," Pro-Clinton Republicans Lament “Vulnerable,” “Low Civic Understanding” Trump Fans",Neutral
111248, Republicans Leave Town Without Punishing Democrats For Gun Control Sit-In,Left
111636, “Shame On You!”: Trump Supporters Clash With Republican Leaders,Neutral
111643," Heres The Long, Long, Long List Of Republicans Abandoning Trump",Left
112118, Former Republican Party Chairman Says He Wont Vote For Trump,Left
112586," With Faith In Omarosa, Black Republicans Gear For Place In ‘Most Diverse White House",Right
112672, Steve Bannon Who? Washington Republicans Say They “Dont Know” Trump Strategist,Neutral
113321, Republicans Shrug At Trumps Twitter Habit,Neutral
113383, Republicans Shrug At Trumps Twitter Habit,Left
113763," Republican, Democratic Senators Demand Inquiry Into Russian Election Interference",Neutral
113880, House Republicans Wont Say Theyll Open A New Investigation Into Russian Hacking,Left
113885, Republicans Suddenly Think The Economy Is Great Again,Left
114833,"Republicans, Resist the Temptation to Ideological Nostalgia",Neutral
114915,Why Republicans Lose the Narrative Battle: The Inspector-General Gambit,Left
114924,The Republican Health-Care Debate,Right
114940,The ‘Russia Hacked the Election Narrative Battle Continues—Are Republicans Paying Attention?,Left
115347,No Republicans Need Apply,Left
115364,"In West Virginia, a Rising Republican Star Threatens the Nations Most Vulnerable Democratic Senator",Right
115390,Republicans Shouldnt Go Back to Government-Guaranteed Student Loans,Left
115516,How Republicans Should Check Trump,Left
115684,Congressional Republicans Obamacare Replacement Wont Cut It,Left
115692,Constituents Give House Republicans an Earful about the New Health-Care Bill,Left
115701,Where Are the Republican Partys Leaders?,Left
115730,"In Replacing Obamacare, Republicans Face the Pottery Barn Rule",Left
115765,A Republican Reformer Tackles Poverty in California,Right
115789,Republicans Are Finding It Hard to Play Defense,Left
115905,The Republican Health-Care Crack-Up,Left
116117,Republicans Had Better Listen to Georgia Wake-Up Call,Left
116213,Do Close Special Elections Mean Republicans Are in Trouble?,Left
116334,"On Obamacare, Republicans Vastly Over-Promised",Left
116351,Its Time Republicans Abandoned the AHCA,Right
116353,Republicans Abandon Conservatism,Left
116584,Professor Banned Republican Club from Public Womens History Month Event,Left
116843,Will the Left Help Republicans Get Their Health-Care Mojo Back?,Right
116940,Georgias Special Election Has Republicans Worried,Left
116976,Trump Will Probably Be Impeached if Republicans Lose the House,Left
117027,Hes a Republican Now,Right
117128,The Republican Health-Care Mistake,Left
117136,What If Donald Trump Doesnt Sink the Republican Party?,Left
117154,"If Republicans Do Nothing against Obamacare, Their Voters Will Punish Them",Left
117158,Republicans Used to Put Ordinary Workers First—and They Should Again,Left
117236,Republicans Need a New Approach to Immigration,Left
117292,How the Republican Congress Expanded Guest-Worker Immigration,Right
117332,Negative Campaigning Breaks Out in Republican Race,Left
117359,How Should Republicans Address Poverty?,Neutral
117369,The State of the Union Ceremony Is a Breach of Small-R Republican Manners,Left
117371,Listening to Four Republican Candidates,Right
117391,Where is the Republican Establishment?,Neutral
117443,Republicans Have Overestimated the Conservatism of the Base,Left
117508,Republican Voters Need to Remember What Elections Are For,Left
117514,The Tea-Party Warriors Who Are Now ‘Establishment Republicans,Right
117525,Flint Is Not a Republican Scandal,Right
117527,"The Republicans May Be in Trouble, but Have You Seen the Democrats?",Right
117588,Republican Hemlock Society,Left
117730,Republican Debate Shows Where Comprehensive Immigration Is Headed: Nowhere,Left
117732,"With Obama in Power, the Republican Congress Is the Lame Duck",Left
117751,Republicans after Iowa,Left
117767,Demographics and the Iowa Republican Caucus Results,Neutral
117782,Conservatives Shouldnt Throw around the ‘Republican Obama Label Lightly,Left
117841,"Marco Rubio: Republican Dream, Democratic Nightmare",Right
117859,Republican Candidates Fall in Line with Social-Justice Warriors on Selective Service,Right
117870,No More Johns: New Hampshires ‘Moderate Republican Quagmire,Right
117911,Notes from a Republican-Watcher in South Carolina,Neutral
117915,Carly Fiorina: The Rare Republican Whose Bid for President Helped Her Party,Right
117948,Will Justice Scalias Passing Wake Up Republican Primary Voters?,Right
117993,Republicans Launch Sharp Attacks in South Carolina Debate,Left
118031,Republican Self-Sabotage,Left
118043,Republicans Shouldnt Fear a SCOTUS Fight,Right
118076,Trump Relishes Wrecking Republicans,Left
118094,Senate Republicans Dig In for SCOTUS Fight Despite Political Risks,Right
118106,"Marco Rubio, Tim Scott, and Nikki Haley: A Republican ‘Rainbow Coalition",Right
118163,Trump and the Rise of the Undocumented Republicans,Right
118201,The Death of Reagans Republican Party,Left
118204,The Rats Are Scurrying: Republican Officeholders Who Endorse Trump Are Sellouts,Left
118207,Nothing Will Redeem the Ruined Reputations of Trumps Republican Collaborators,Left
118220,On to Cleveland: The Republican Nomination Will Be Decided at the Convention,Neutral
118222,Gratuitous Hatred Is Destroying Republicans — Just as It Did the Ancient Israelites,Left
118229,"Opening America to the Future: The New Republican, Part II",Right
118233,"Arizona, Not Trump, Shows Republicans the Way on Immigration",Left
118249,Why Democrats Arent Democratic (and Republicans Shouldnt Be),Neutral
118270,The Republican Study Committees New Executive Director Gets to Work on the Budget Impasse,Right
118327,Republicans in Chaos,Left
118335,Will a Republican Majority Rally to Defeat Trump?,Neutral
118337,The Republican Establishments Desperate Tactics,Left
118344,Trumpism Is an Existential Threat to the Republican Party,Left
118353,Diagnosing the Republican Problem,Left
118474,When Will Obama Stop Blaming Republicans for His Failures?,Right
118508,Change or Die: Will the Republican Party Listen to the Voters or Fade Away?,Left
118529,The Republican Parties,Neutral
118567,The Pros and Cons of an Independent Republican Ticket,Right
118592,Meek Republicans Fail to Reform U.S. Air Travel,Left
118600,How Republicans Can Save the Environment,Right
118646,"Looking to November, House Republicans Distance Themselves from Trump",Left
118665,Anti-Trump Donors May Shift Money to Republican Senate Hopefuls,Left
118720,Reminder: Most Republicans Have Voted against Trump,Left
118791,Wisconsin Republicans Bid No Trump,Right
118903,"Women Really, Really Dislike Trump: Take Note, Republicans",Left
118958,When Republicans Shill for Democrats on Social Issues,Left
118992,What Will Republicans Learn from 2016?,Right
119051,Republicans Should Have Adopted Democrats Rules — and Vice Versa,Right
119120,Dear Republican Politician: Lets Talk about Donald Trump,Neutral
119149,The Republican Partys Coming Trumpian Disaster,Left
119154,Trumps Backtrackers: Republican Politicians Go Wobbly,Left
119180,"No, Most Republicans Arent for ‘Open Borders",Right
119201,Perry and Other Republicans Sell Their Souls to Trump,Left
119251,Why Dont Republicans Name the Enemy?,Left
119276,Can Austin Petersen Unite Disenfranchised Republicans?,Left
119395,Meet the Republican Traitors Who Sacrificed Womens Privacy by Supporting Obamas Transgender Edicts,Neutral
119434,Donald Trump Represents Republicans Baser Feelings,Left
119465,Why Republicans Should Be Worried,Left
119531,Is Donald Trump Doing to Republicans What Zachary Taylor Did to the Whigs?,Left
119538,Not a Single Republican Delegate Is ‘Bound to Donald Trump,Left
119572,Republicans Are Stuck with Donald Trump until November,Left
119635,Fueling a Future Republican Majority,Right
119656,"Dear Mr. Trump, This Is <I>My</i> Republican Party",Right
119685,The Self-Immolation of the Republican Party,Left
119753,"To Dump Trump, Republicans Should Withhold Their Cash",Neutral
120043,The Republican Industrial Complex Has Turned Missteps into Millions,Left
120053,Should Republicans Embrace a Grown-up Version of Trumpism?,Right
120060,The Fractured Republicans,Left
120065,"If Texas Goes Blue, Republicans Are Finished",Left
120120,Trump Reshapes the Republican Party,Right
120149,How the Medias History of Smearing Republicans Now Helps Trump,Right
120191,David Duke: A Question for Republicans,Right
120267,Harvard Republicans: Check Your Privilege,Neutral
120280,Republicans Race Democrats to Dig the Deeper Grave,Right
120343,How Republicans Feed the Beast of Political Correctness,Left
120357, Nevadas Joe Heck Aims to Keep the Senate Republican,Right
120358,Republicans — Not Just Trump — Are Wrong to Blame ISISs Rise on Obamas Iraq Policy,Left
120413,Will Trump Take Down Congressional Republicans?,Left
120523,"Republicans Hate Poverty, Not the Poor — And Their Innovative Anti-Poverty Programs Have the Results to Prove It",Right
120567,"In Floridas First District, a Millennial Republican Hopes to Shake Up Congress",Right
120995,"In the High Plains, a Republican Worth Voting For",Right
121074,"The Long, Ugly History of Republican-Targeting Anonymous Leaks",Left
121146,Blunt and Other Missouri Republicans Stand by Trump,Right
121167,The Agony of the Republicans,Left
121174,The Republican Crisis,Left
121278,Nevadas High-Stakes Senate Race Pits Reid against Republicans One Last Time,Left
121344,When Every GOP Presidential Nominee Is the <i>Worst Republican Ever</i>,Left
121369,Republican Senate Hopes May Rest with Wisconsins Ron Johnson,Neutral
121374,The Republican Party Needs to Revert to Nominating Republicans,Left
121399,Republicans Who Care about the Future of the Party Should Ask These Questions,Left
121423,"So Far, Trump Is Not Sinking Down-Ballot Republicans",Right
121430,Barbara Comstock: The New Face of the Republican Party,Right
121487,Never Trump Republicans: Spoilers or Saviors?,Left
121504,Republicans Gird for Post-Election Battle over RNC,Right
121547,The Next Republican Agenda,Right
121597,2016: The Demise of Small-r Republican Politics,Left
121602,What Will Republicans Do about Obamacare Now?,Right
121607,Republicans Hold the Senate on a Night that Defied the Odds,Neutral
121609,The Challenge for Republicans,Left
121613,How the New Republican Majority Can Succeed,Right
121671,Republicans Need to Repeal This Successor to Obamacare,Left
121676,Why Republicans Must Repeal Obamacares ‘Pre-existing Conditions Provisions,Right
121710,The New Republican Coalition,Right
121735,Can the Republican Party Keep Trump Democrats?,Right
121858,Republicans Should Say ‘No to Trumps Infrastructure Boondoggle,Left
121874,Bring Back That ‘Do-Nothing Republican Congress,Left
121886,Would Another Republican Have Defeated Hillary Clinton?,Left
122064,An Opportunity for Trump to Outperform Recent Republicans,Right
122073,Eight Priorities for Any Republican Plan to Replace Obamacare,Left
124184,Republicans stressing out over ‘TrumpCare,Left
124307,Senate Republicans block attempt to overturn Trumps immigration ban,Right
125166,Al Franken: ‘A few Republicans worried about Trumps mental health,Left
125603,The #Resistance is pushing Republicans to back Trump,Left
126310,Democrat calls himself a Republican in response to Trump speech,Right
127303,Why Trump may dump House Republicans,Left
127424,Key Republicans come around on ObamaCare replacement,Left
127739,Republicans dealt embarrassing setback in health care overhaul,Left
127802,House Republicans pull health care bill,Right
127831,"Now Republicans must move on Trumps ‘jobs, jobs, jobs agenda",Left
128091,How Republicans can regroup on health care,Right
128378,Trump ready to ditch Republicans on health care reform,Neutral
128384,Democrats and Republicans split over Gorsuch nomination forecast,Neutral
130227,How Republicans built their own ObamaCare trap,Left
130601,Paul Ryan says Republicans are on health care ‘rescue mission,Left
130976,Historically black university cancels Republican senators speech,Left
132401,Republicans question Trumps latest push for a travel ban,Neutral
134154,Republican committee trolls Nancy Pelosi with endorsement,Right
134855,Seems like Arizona Republicans cant wait to vote for Trump,Right
136139,George Will leaves Republican Party because of Trump,Left
136358,Welcome to the Republican civil war,Left
136714,Ted Cruz defends his diss as Republicans vow revenge,Right
137354,‘Never Trump Republicans are plotting against democracy itself,Right
137791,How the Republican Party earned a hostile takeover,Left
137961,Super PACs backing Republican Cruz buy $2.4 million in ads,Right
140465,Paul Ryan invites Trump to meet with Republican leaders,Neutral
140819,Republicans reveal plan for ObamaCare ‘transition period,Right
141298,Prominent Republican family split on presidential race,Left
141749,Republicans want another FBI probe on Hillary,Right
142086,Democratic ‘tracker fired for ‘stalking Republican candidate,Right
142551,Clinton woos former Republican secretaries of state,Right
142894,Kasich: Im the only Republican who can win the election,Right
143009,The battle for the Republican soul,Right
143702,Trump is a party of one after he declares war on Republicans,Left
143986,Republicans are practically handing Hillary the presidency,Right
144262,"Trump: If GOP drops me, ‘Ill stop funding the Republican Party",Neutral
144945,The joy of voting in the Democratic primary as a conservative Republican,Left
145356,"Republican rogues low-down, dumb reply to Trumps call for unity",Left
145449,Why is ‘the Republican Obama an insult?,Neutral
145550,New York Republicans actually take a stand,Right
145707,Republicans must not tolerate the violence of Greg Gianforte,Left
145711,The Republicans who are not totally enthusiastic about repealing Obamacare,Left
145781,"Healthcare backlash hits Republicans hard on generic ballot, polls find",Left
145798,Trump tells Republicans to use nuclear option to confirm supreme court pick,Left
146290,"Many call Trump a fascist. 100 days in, is he just a reactionary Republican?",Left
146339,"Republican healthcare plan: 24 million people could lose coverage, CBO reports",Left
146359,White House staffers tweet calling for primary challenge opens Republican rift,Left
146406,"James Comey: Democrat by birth, Republican by trade, thorn in the side of both",Neutral
146476,Remember when men and women could be friends? Republicans dont,Left
146566,Calling pregnant women hosts? Were in an anti-choice Republican dystopia,Left
146639,Republicans voice disdain after Trump tweets support for Julian Assange,Left
146904,Republicans call Trumps travel ban a self-inflicted wound,Left
147223,South Carolina Republican: scrap slave memorial if Confederate monument goes,Neutral
147248,The Republican healthcare bill: whats next in challenge to Obamacare?,Neutral
147262,Republicans rush to prevent health bills collapse after vote postponed,Left
147291,Club for Hollywood Republicans locked in dispute – caused in part by Trump,Neutral
147341,Republican lawmakers face town hall crowds fury during resistance recess,Left
147348,Republicans want to defund Planned Parenthood as part of Obamacare fight,Left
147446,NRA and Republicans find unlikely ally on rollback of gun control rule: science,Right
147547,Trumps promise for healthcare act contradicts Republicans proposal,Left
147666,"Republican healthcare bill heads to Senate, where it may undergo drastic changes",Left
147888,Republican hearing calls for a lower carbon pollution price. It should be much higher,Left
147941,Aide asks voters to unseat Republican congressman critical of Trump,Left
147967,The Resistance Now: activists say hell no to Republican healthcare bill,Left
148052,"Republicans move to sell off 3.3m acres of national land, sparking rallies",Left
148105,Steve Scalise: Republican wounded in baseball shooting is key figure in House,Right
148269,Republican health bill: Democrats pledge Senate standstill over secrecy,Right
148290,House Republicans plan Thursday vote on bill to repeal and replace Obamacare,Right
148306,Georgia special election is a test for the Republican brand in the Trump era,Right
148327,Republican candidate charged with assault after body-slamming Guardian reporter,Left
148352,The Republicans who care about climate change: They are done with the denial,Left
148391,Senate Republicans forced to delay vote on healthcare bill due to lack of support,Left
148456,House Republicans pass healthcare bill in first step toward replacing Obamacare,Left
148541,The wild west of wind: Republicans push Texas as unlikely green energy leader,Right
148738,House Republicans drop rule change gutting ethics watchdog,Left
148985,"Texas Republicans drew congressional districts on racial lines, judges find",Left
149499,"John Oliver on healthcare repeal chaos: Good luck fixing that, Republicans",Left
149532,Senators grill Janet Yellen on Republican plans to neuter Dodd-Frank Act,Left
149631,Senate Republican cracks down on TV reporters ability to ask questions,Left
149648,Nevada senator becomes fifth Republican to oppose healthcare bill,Left
149652,Republican elders call for new national carbon tax to replace federal regulations,Right
149729,Donald Trump makes last-ditch pitch to Republicans to back healthcare bill,Left
149864,Republican healthcare bill limps into recess with no vote in sight,Left
149919,Republican lawmakers reject calls for inquiry into Michael Flynns Russia links,Left
150059,Republicans look poised for three-part plan to repeal and replace Obamacare,Right
150292,Republicans plan to erase Obama legacy starts with chipping away at Obamacare,Left
150359,19 House Republicans call on their party to do something about climate change,Right
150444,"The Great Recession hurt millions. Now, Republicans want to risk a repeat",Left
150555,Republicans target environmental rules protecting parks and limiting methane,Left
150765,Paul Ryan urges Republicans to back travel ban despite anger over its rollout,Neutral
150778,Two Republican senators vow to oppose Betsy DeVos as education secretary,Left
150806,Shame on you: Republicans face crowds angry over Obamacare repeal,Left
150896,Republicans biggest white lie: that they represent the working class,Left
150984,House Freedom Caucus backs new Republican healthcare proposal,Right
151049,Top Republican was recorded suggesting that Putin pays Trump,Left
151139,Why do all the women on Fox News look and dress alike? Republicans prefer blondes,Left
151228,Republicans ready to dismantle Obamacare amid replacement concerns,Left
151652,Congress the next battle as Republicans drop support for Trump campaign,Left
151768,Republicans keep trying to block black votes. Thats why fair judges are crucial,Left
151799,"If George HW Bush votes against Trump, hell be in good Republican company",Left